User_FollowersCount_log,User_AverageTweetClickThroughRate
5.308267697,7.833996342
5.308267697,7.833996342
8.486733984,6.650279049
5.308267697,7.833996342
6.393590754,5.433722004
6.267200549,8.323608442
5.81711116,5.627621114
7.184629153,7.104144093
6.173786104,6.054439346
5.010635294,5.081404365
6.795705775,11.41804319
7.983098941,7.854381211
6.042632834,6.942156706
6.432940093,5.707110265
5.010635294,5.081404365
6.70073111,7.423568444
5.010635294,5.081404365
6.88550967,9.888475432
7.748028524,7.392031568
7.293697721,7.539027056
5.986452005,4.394449155
6.795705775,11.4180212
7.136483209,7.358830898
7.985824666,8.833316937
5.308267697,7.833996342
7.586803535,7.194436851
9.584658751,9.490242257
4.248495242,8.92345798
6.383506635,7.427144133
6.957497371,7.036148494
7.803843304,8.882669291
5.308267697,7.833996342
6.070737728,5.96100534
6.795705775,11.41804319
6.823286122,8.924390132
5.308267697,7.833996342
7.62754439,7.716906135
7.44775128,7.461640392
6.558197803,5.075173815
5.318119994,5.937536205
4.624972813,5.560681631
7.113142109,8.879193928
7.506042179,9.059284897
6.795705775,11.41804319
7.609366538,7.925880317
7.283448229,7.646831391
7.569411792,7.705712824
5.762051383,5.017279837
8.498010372,7.60638739
7.569411792,7.705712824
7.366445148,6.487684018
6.265301213,6.65544035
4.394449155,4.382026635
6.466144724,9.858960787
8.993675787,10.22183219
6.771935556,6.224558429
7.03438793,5.159055299
6.248042875,7.79399909
5.407171771,5.176149733
7.506042179,9.059284897
7.340186835,8.915566546
5.332718793,6.814542897
6.03068526,10.49205169
8.808966882,9.02989705
5.093750201,3.737669618
6.831953566,10.40480815
6.602587892,6.842683282
5.379897354,6.519147288
6.795705775,11.41804319
6.795705775,11.4180212
7.734996194,6.675823222
5.318119994,5.937536205
6.795705775,11.4180212
5.18178355,6.836259277
7.506042179,9.059284897
6.898714534,8.43901541
5.141663557,8.316300249
5.308267697,7.833996342
6.72982407,7.158513997
6.642486801,6.472346295
5.318119994,5.937536205
7.506042179,9.059284897
5.886104031,11.59871777
5.886104031,11.59871777
6.135564891,8.124150603
6.366470448,7.886832999
6.795705775,11.41804319
6.267200549,8.323608442
5.860786223,6.073044534
5.886104031,11.59871777
4.356708827,7.597897951
7.778211475,8.924656302
7.293697721,7.539027056
4.025351691,7.762596049
6.795705775,11.41804319
5.631211782,8.633908991
6.495265556,6.995766156
7.293697721,7.539027056
8.275885669,10.27756519
6.042632834,6.892641641
6.366470448,7.886832999
6.049733455,7.514254653
8.275885669,10.27756519
6.795705775,11.41804319
5.966146739,5.198497031
5.18178355,6.836259277
6.313548046,8.034631033
7.293697721,7.539027056
7.506042179,9.059284897
6.03068526,12.93236926
7.393263095,9.477845247
5.733341277,11.0517785
5.318119994,5.937536205
5.308267697,7.833996342
6.72982407,7.158513997
5.318119994,5.937536205
6.795705775,11.41804319
4.59511985,6.008813185
6.91671502,7.505492275
5.710427017,5.476463552
6.855408799,6.863803391
7.506042179,9.059284897
5.717027701,7.444248649
6.88550967,9.888475432
6.795705775,11.4180212
6.118097198,9.341280911
4.836281907,7.163946684
7.506042179,9.059284897
7.134890852,7.33823815
7.293697721,7.539027056
6.851184927,7.468513271
6.913737351,7.196686571
7.200424893,7.627057417
7.648263031,7.58781722
4.59511985,6.008813185
6.03068526,12.93236926
7.983098941,7.854381211
6.086774727,6.049733455
5.170483995,6.173786104
6.490723535,8.764678074
7.393263095,9.477845247
6.957497371,7.036148494
6.795705775,11.41804319
6.795705775,11.41804319
7.340186835,8.915566546
7.465082736,7.498315871
7.748028524,9.819888529
6.827629235,7.068172
6.795705775,11.41804319
7.059617628,5.945420609
6.246106765,7.209340257
6.946975992,7.007600614
3.891820298,3.80666249
6.251903883,9.021115039
7.200424893,7.627057417
7.748028524,9.819888529
6.248042875,7.79399909
4.976733742,9.115260166
6.72982407,7.158513997
6.795705775,11.41804319
5.308267697,7.833996342
5.308267697,7.833996342
5.18178355,6.836259277
7.461065514,7.837554361
5.318119994,5.937536205
7.983098941,7.854381211
7.983098941,7.854381211
5.826000107,7.724446646
6.169610732,7.252762418
6.795705775,11.4180212
7.333023014,10.10850787
8.002359546,7.263329617
6.248042875,7.79399909
8.002359546,7.263329617
4.836281907,7.163946684
6.100318952,6.150602768
6.642486801,6.472346295
8.498010372,7.60638739
6.523562306,10.16095523
6.642486801,6.472346295
6.169610732,7.252762418
6.88550967,9.888475432
5.624017506,5.891644212
5.624017506,5.891644212
6.637258031,10.9518411
5.726847748,5.342334252
7.760467029,7.914252279
6.343880434,8.470101584
5.501258211,3.688879454
6.795705775,11.41804319
6.88550967,9.888475432
5.805134969,3.784189634
7.506042179,9.059284897
5.513428746,5.480638923
6.795705775,11.41804319
6.767343125,5.945420609
5.942799375,6.309918278
5.942799375,6.309918278
6.652863029,7.062191632
5.468060141,6.169610732
5.18178355,6.836259277
5.749392986,6.932447892
7.789040402,7.446001498
4.836281907,7.163946684
7.261927093,8.127995056
6.059123196,9.532206456
5.33753808,5.929589143
7.748028524,9.819888529
9.021719013,9.649111299
6.71417053,11.38033078
6.795705775,11.41804319
6.267200549,8.323608442
6.795705775,11.41804319
7.711996507,8.907341595
5.723585102,6.828712072
5.18178355,6.836259277
1.098612289,0.693147181
6.261491684,7.541152455
6.795705775,11.41804319
7.506042179,9.059284897
5.416100402,6.180016654
6.267200549,8.323608442
7.261927093,8.127995056
7.259116128,7.45760929
5.308267697,7.833996342
4.762173935,4.276666119
8.169902647,9.006018575
8.169902647,9.006018575
5.866468057,6.152732695
6.075346031,4.477336814
6.415096959,6.063785209
5.811140993,4.553876892
7.396335294,7.094234846
6.390240667,6.144185634
6.357842267,6.867974409
5.313205979,5.513428746
6.612041035,6.937314081
5.135798437,5.327876169
5.214935758,0.693147181
7.992606652,10.09083811
4.48863637,4.143134726
6.049733455,5.308267697
5.159055299,3.63758616
7.6118424,8.338783971
9.77792433,10.53174949
6.156978986,8.14612951
7.178545484,7.362010551
7.577633833,10.45584852
6.970730078,6.487684018
5.332718793,5.840641657
6.415096959,6.063785209
7.481555702,9.287949351
7.227662499,8.808817483
8.505525387,7.651595574
5.159055299,3.135494216
5.493061443,5.659482216
6.71417053,11.38033078
6.913737351,5.910796644
6.986566459,7.760893196
7.572502985,6.728628613
5.332718793,5.840641657
8.303257121,8.352082671
7.063903961,5.866468057
4.110873864,6.021023349
5.783825182,6.452048954
6.675823222,6.400257445
7.609366538,7.212294469
5.509388337,6.945051064
5.613128106,6.812345094
7.506042179,9.059284897
9.617537313,9.723403491
6.357842267,6.867974409
7.378383713,9.879963007
5.170483995,5.33753808
5.991464547,4.304065093
5.476463552,4.48863637
6.88550967,9.888475432
8.169902647,9.006018575
3.433987204,2.197224577
6.795705775,11.41804319
3.433987204,2.197224577
5.730099783,7.17472431
9.77792433,10.53174949
7.983098941,7.854381211
6.216606101,6.37502482
7.178545484,7.362010551
6.795705775,11.4180212
6.795705775,11.4180212
6.795705775,11.4180212
6.795705775,11.4180212
6.795705775,11.4180212
6.795705775,11.4180212
6.795705775,11.4180212
5.308267697,7.833996342
5.308267697,7.833996342
6.795705775,11.4180212
6.795705775,11.4180212
7.110696123,9.695848188
7.340186835,8.915566546
6.606650186,8.425077903
4.219507705,1.791759469
7.092573716,6.539585956
8.736810533,8.645234541
7.826443135,7.505492275
7.310550159,7.466799475
9.897871814,9.892729896
10.76814809,10.93153431
8.169902647,9.006018575
6.795705775,11.4180212
6.795705775,11.4180212
4.219507705,1.791759469
5.308267697,7.833996342
7.135687347,8.324336333
6.827629235,7.068172
6.267200549,8.323608442
7.340186835,8.915566546
8.258422462,7.840312983
6.501289671,5.697093487
6.771935556,7.295735073
6.501289671,5.697093487
6.501289671,5.697093487
5.003946306,5.97126184
6.795705775,11.41804319
5.308267697,7.833996342
4.624972813,5.560681631
6.606650186,8.425077903
6.922643891,7.936660155
6.851184927,7.468513271
9.77792433,10.53174949
6.773080376,8.649448771
4.219507705,1.791759469
5.308267697,7.833996342
8.517593111,7.389563954
6.951772164,8.173857455
6.795705775,11.41804319
5.18178355,6.836259277
7.810352684,6.909753282
6.118097198,5.755742214
7.914983006,8.524168805
4.219507705,1.791759469
6.795705775,11.4180212
6.932447892,6.251903883
5.332718793,6.814542897
7.129297549,7.227662499
7.239214974,11.86506715
6.71417053,11.38033078
5.855071922,5.472270674
5.624017506,5.891644212
5.18178355,6.836259277
4.025351691,7.762596049
5.624017506,5.891644212
6.795705775,11.41804319
5.978885765,7.557472902
6.736966958,8.568076402
5.624017506,5.891644212
6.795705775,11.4180212
5.978885765,7.557472902
5.308267697,7.833996342
7.227662499,8.808817483
7.719129841,6.470799504
7.210079628,7.841885929
6.72982407,7.158513997
6.267200549,8.323608442
6.267200549,8.323608442
7.506042179,9.059284897
2.197224577,5.123963979
8.60849535,8.648922962
9.77792433,10.53174949
5.18178355,6.836259277
6.851184927,7.468513271
7.129297549,7.227662499
9.77792433,10.53174949
5.568344504,5.811140993
6.71417053,11.38033078
7.748028524,9.819888529
6.795705775,11.41804319
6.357842267,6.867974409
6.131226489,7.650644551
6.357842267,6.867974409
4.770684624,6.336825731
7.506042179,9.059284897
6.795705775,11.41804319
4.219507705,1.791759469
6.00635316,6.240275845
9.258558944,9.300089664
4.304065093,3.951243719
7.293697721,7.539027056
5.308267697,7.833996342
6.453624999,6.568077911
6.679599186,6.192362489
7.983098941,7.854381211
7.098375639,5.783825182
5.18178355,6.836259277
6.357842267,6.867974409
7.440733707,4.8978398
5.308267697,7.833996342
6.835184586,6.701960366
5.308267697,7.833996342
5.958424693,8.46884293
6.773080376,8.649448771
5.513428746,4.96284463
5.958424693,8.46884293
5.111987788,2.890371758
5.529429088,5.579729826
7.293697721,7.539027056
8.507344855,8.338783971
6.883462586,6.769641977
6.795705775,11.4180212
6.466144724,9.858960787
5.241747015,6.98471632
8.091015042,8.096512918
6.795705775,11.4180212
6.928537818,7.645397699
6.907755279,6.487684018
5.308267697,9.056023012
6.754604099,4.934473933
7.342779189,9.931734815
4.919980926,7.238496841
6.196444128,6.486160789
5.908082938,6.536691598
7.506042179,9.059284897
6.72982407,7.158513997
6.795705775,11.41804319
7.293697721,7.539027056
7.950854858,8.43901541
6.936342736,8.387995253
6.651571874,7.0800265
7.985824666,8.833316937
6.267200549,8.323608442
2.079441542,5.105945474
8.016647877,8.126518169
6.72982407,7.158513997
7.748028524,9.819888529
5.18178355,6.836259277
6.771935556,7.295735073
7.506042179,9.059284897
5.18178355,6.836259277
9.258558944,9.300089664
6.588926478,6.617402978
4.836281907,7.163946684
6.817830571,7.519692404
7.506042179,9.059284897
6.817830571,7.519692404
6.267200549,8.323608442
6.795705775,11.4180212
6.795705775,11.4180212
5.723585102,6.828712072
5.96100534,9.460787758
5.393627546,5.446737372
4.025351691,7.762596049
7.271008538,6.543911846
7.506042179,9.059284897
5.613128106,6.812345094
5.891644212,6.343880434
7.349230825,7.445417557
6.795705775,11.4180212
5.062595033,5.313205979
5.752572639,4.691347882
6.831953566,10.40480815
7.592366129,7.122059882
4.770684624,4.043051268
7.506042179,9.059284897
7.506042179,9.059284897
5.717027701,7.444248649
6.357842267,6.867974409
5.860786223,6.073044534
6.152732695,7.757051142
4.753590191,7.344719054
7.474204806,7.43543802
5.552959585,6.098074282
7.438971592,8.895355617
6.900730664,7.687997166
5.613128106,7.251344983
6.507277712,7.511524648
5.863631176,7.963112059
8.188689124,8.062747901
7.951207156,8.43901541
7.506042179,9.059284897
5.33753808,4.8978398
6.978213743,7.806696373
2.302585093,1.386294361
6.453624999,6.568077911
6.161207322,6.109247583
6.267200549,8.323608442
6.602587892,6.842683282
7.224753406,6.698268054
7.951207156,8.43901541
6.357842267,6.867974409
6.602587892,6.842683282
6.795705775,11.4180212
6.892641641,6.943122423
5.068904202,4.477336814
6.795705775,11.41804319
5.96100534,9.460787758
6.040254711,10.31088413
6.795705775,11.4180212
8.002359546,7.263329617
8.24957515,8.943375541
8.391629968,8.113127104
4.624972813,5.560681631
8.002359546,7.263329617
5.998936562,7.5750717
6.357842267,6.867974409
7.506042179,9.059284897
6.795705775,11.41804319
7.825644732,7.988882253
6.767343125,5.945420609
5.18178355,6.836259277
5.916202063,5.517452896
7.983098941,7.854381211
4.836281907,7.163946684
8.24957515,8.943375541
5.624017506,5.891644212
5.624017506,5.891644212
7.532623619,7.741533589
5.488937726,5.886104031
6.795705775,11.41804319
6.795705775,11.41804319
6.587550015,6.270988432
9.038958755,9.861779749
5.416100402,6.180016654
7.506042179,9.059284897
5.924255797,6.869014451
6.795705775,11.41804319
7.200424893,7.627057417
4.844187086,5.278114659
7.788626066,7.665753432
6.475432717,8.409607981
5.010635294,6.212606096
7.506042179,9.059284897
9.258558944,9.300089664
5.85220248,8.480736654
7.506042179,9.059284897
7.569411792,7.705712824
7.293697721,7.539027056
7.284820913,7.385851078
7.506042179,9.059284897
5.786897381,6.478509642
7.985824666,8.833316937
7.172424577,6.716594774
7.25629724,6.80461452
7.293697721,7.539027056
8.002359546,7.263329617
7.951207156,8.43901541
8.002359546,7.263329617
5.379897354,6.342121419
10.02791513,10.05728103
6.974478911,8.048468744
5.308267697,7.833996342
4.465908119,5.323009979
7.506042179,9.059284897
7.506042179,9.059284897
7.396335294,7.094234846
5.379897354,6.342121419
7.293697721,7.539027056
6.354370041,5.323009979
6.795705775,11.41804319
5.459585514,7.009408933
5.80814249,10.38136634
6.795705775,11.41804319
6.602587892,6.842683282
4.941642423,5.942799375
7.669028289,8.485702524
6.795705775,11.41804319
6.795705775,11.41804319
6.795705775,11.41804319
6.795705775,11.41804319
7.272398393,8.276649125
6.483107351,9.160519677
6.317164687,6.466144724
6.923628628,10.13788751
6.795705775,11.41804319
7.671360923,6.514712691
6.624065228,7.929126487
7.669028289,8.485702524
8.243808424,7.37337431
8.128290172,10.0475879
5.308267697,7.833996342
6.267200549,8.323608442
5.308267697,7.833996342
5.308267697,7.833996342
7.506042179,9.059284897
6.202535517,6.146329258
5.18178355,6.836259277
6.624065228,7.929126487
4.465908119,4.158883083
6.202535517,6.146329258
6.335054251,13.62445174
6.795705775,11.4180212
6.795705775,11.4180212
6.795705775,11.4180212
6.390240667,6.144185634
8.843182098,10.61199122
7.506042179,9.059284897
7.586803535,7.194436851
6.788971743,6.470799504
6.788971743,6.470799504
7.293697721,7.539027056
7.210079628,7.881182202
6.267200549,6.480044562
7.293697721,7.539027056
7.044905117,7.96276393
5.703782475,4.976733742
7.210079628,7.881182202
7.506042179,9.059284897
6.795705775,11.41804319
8.843182098,10.61199122
7.951207156,8.43901541
7.678326357,7.243512975
8.479906607,7.982416347
6.823286122,8.924123892
5.998936562,12.63214398
6.390240667,6.144185634
6.267200549,8.323608442
6.794586581,7.920809679
6.413458957,4.025351691
7.293697721,7.539027056
6.216606101,5.616771098
6.802394763,6.555356892
5.209486153,4.736198448
6.306275287,3.970291914
6.71417053,11.38033078
5.624017506,5.891644212
5.723585102,6.875232087
6.267200549,8.323608442
7.932003152,9.25378293
7.033506484,6.991176887
6.753437919,5.023880521
7.87359779,6.025865974
6.267200549,8.323608442
5.18178355,6.836259277
5.472270674,4.65396035
4.753590191,5.003946306
7.210079628,7.841885929
6.956545443,6.180016654
6.366470448,7.886832999
6.267200549,8.323608442
4.955827058,5.549076085
5.624017506,5.891644212
6.71417053,11.38033078
7.807510042,8.19450551
5.332718793,4.812184355
6.71417053,11.38033078
4.48863637,6.383506635
7.378383713,9.879963007
4.753590191,7.748028524
7.465082736,7.498315871
7.187657164,7.95927596
7.247792582,9.856553165
4.025351691,7.762596049
6.795705775,11.41804319
8.741456116,9.681468369
5.826000107,7.724446646
7.063048163,8.710289821
5.948034989,8.207129168
6.817830571,7.519692404
6.795705775,11.41804319
7.462789157,8.360305436
7.279318835,10.96833621
7.506042179,9.059284897
7.488852956,7.337587744
4.672828834,4.9698133
7.951207156,8.43901541
6.900730664,7.901007052
6.82437367,6.587550015
7.506042179,9.059284897
6.82437367,6.587550015
5.602118821,5.918893854
7.465082736,7.498315871
5.723585102,6.828712072
5.18178355,6.836259277
5.659482216,3.555348061
5.655991811,5.214935758
5.451038454,6.882437471
6.795705775,11.41801021
7.126890809,8.0730912
7.259116128,7.543273347
7.126890809,8.0730912
6.795705775,11.41804319
7.506042179,9.059284897
6.421622268,7.544332108
7.506042179,9.059284897
6.09356977,6.148468296
5.953243334,8.162801353
7.506042179,9.059284897
7.506042179,9.059284897
7.378383713,9.879963007
6.363028104,8.045267717
4.882801923,6.797940413
7.360739903,6.00635316
7.378383713,9.879963007
5.549076085,3.713572067
6.21860012,3.951243719
6.603943825,3.891820298
7.436027816,10.14925328
5.749392986,3.36729583
7.186144305,6.519147288
5.525452939,7.439559309
7.506042179,9.059284897
7.506042179,9.059284897
7.359467638,5.361292166
7.506042179,9.059284897
0.693147181,4.204692619
7.19518732,7.807916629
5.318119994,5.937536205
7.506042179,9.059284897
6.767343125,10.08171742
8.505525387,7.651595574
7.652070746,9.757652204
5.187385806,7.180069874
5.308267697,7.833996342
6.779921907,8.937087036
8.440096141,9.884559543
6.274762021,7.738052298
7.506042179,9.059284897
7.411556288,7.07834158
5.863631176,5.407171771
8.798303718,9.642771928
7.210079628,7.841885929
5.673323267,9.384125598
7.366445148,6.487684018
7.465082736,7.498315871
6.795705775,11.41804319
7.272398393,8.276649125
8.250097753,7.634337236
6.795705775,11.41804319
6.165417854,8.206310726
6.851184927,7.468513271
6.82437367,6.587550015
8.510168576,7.239214974
4.025351691,2.197224577
7.41517511,7.436617265
5.099866428,5.730099783
6.795705775,11.41804319
4.836281907,7.163946684
6.770789424,6.224558429
7.951207156,8.43901541
8.516392871,7.687997166
6.958448393,6.118097198
5.673323267,9.384041546
7.293697721,7.539027056
5.18178355,6.836259277
7.272398393,8.276649125
7.210079628,7.881182202
7.210079628,7.881182202
6.276643489,9.10786458
6.795705775,11.41804319
4.025351691,2.197224577
6.923628628,5.669880923
7.249215057,7.050989447
5.609471795,8.714567551
7.259116128,7.543273347
4.262679877,1.791759469
7.272398393,8.276649125
5.318119994,5.937536205
7.140453043,5.874930731
7.044905117,5.590986981
7.67971364,8.547334348
6.602587892,6.842683282
7.506042179,9.059284897
8.517393171,8.008698183
7.950854858,8.43901541
5.631211782,8.633908991
6.851184927,7.468513271
7.506042179,9.059284897
7.347943823,9.874882296
8.331827004,7.656337166
6.390240667,6.144185634
7.506042179,9.059284897
7.186144305,6.519147288
7.140453043,5.874930731
7.506042179,9.059284897
8.515792211,9.788132816
6.501289671,7.03966035
6.795705775,11.41804319
7.140453043,5.874930731
6.795705775,11.4180212
5.384495063,6.440946541
7.571473649,6.760414691
5.384495063,6.440946541
6.124683391,6.461468176
6.267200549,8.323608442
3.828641396,5.869296913
7.670894831,5.236441963
7.259116128,7.543273347
6.186208624,6.476972363
6.795705775,11.41804319
7.272398393,8.276649125
7.951207156,8.43901541
6.876264612,7.453561872
7.259116128,7.543273347
6.131226489,6.11368218
6.795705775,11.41804319
7.186144305,6.519147288
3.295836866,1.098612289
6.689599269,5.988961417
3.63758616,5.298317367
5.18178355,6.836259277
5.963579344,7.150701458
6.907755279,8.635331719
7.259116128,7.543273347
5.736572297,10.1076929
7.506042179,9.059284897
7.700295203,9.308011399
6.795705775,11.41804319
7.378383713,9.879963007
7.433075349,7.296413269
7.244227516,7.398786275
5.18178355,6.836259277
6.165417854,13.71713338
4.290459441,6.610696045
6.267200549,8.323608442
7.110696123,9.346181595
6.817830571,7.519692404
5.308267697,7.833996342
7.378383713,9.879963007
4.8978398,3.970291914
8.843182098,10.61199122
7.378383713,9.879963007
5.631211782,8.633908991
5.749392986,6.932447892
5.749392986,6.932447892
5.762051383,8.333991247
6.940222469,6.146329258
7.506042179,9.059284897
6.64118217,6.098074282
7.261927093,8.127995056
7.259116128,7.543273347
8.516392871,7.687997166
7.293697721,7.539027056
7.259116128,7.543273347
7.506042179,9.059284897
7.898039691,7.995980475
7.261927093,8.127995056
6.751101469,6.238324625
5.220355825,9.305923242
7.748028524,9.819888529
7.44775128,8.785080637
7.595889918,7.259116128
6.795705775,11.4180212
6.33150185,4.65396035
7.378383713,9.879963007
7.396948603,7.178545484
7.210079628,7.841885929
6.773080376,8.649448771
6.72982407,7.158513997
3.912023005,6.148468296
5.805134969,6.968850378
7.759614151,9.535968307
8.754791764,9.170767597
6.795705775,11.4180212
3.36729583,3.970291914
6.910750788,9.717338681
5.998936562,6.146329258
4.820281566,3.135494216
5.950642553,6.851184927
5.950642553,6.851184927
5.981414211,5.805134969
7.261927093,8.127995056
7.951207156,8.43901541
3.891820298,5.746203191
5.318119994,5.937536205
7.200424893,7.302496424
7.012115294,5.723585102
4.219507705,4.290459441
6.675823222,5.402677382
7.950854858,8.43901541
4.941642423,4.852030264
6.720220155,10.78560083
6.047372179,5.442417711
4.219507705,4.290459441
7.272398393,8.276649125
5.18178355,6.836259277
5.602118821,5.220355825
8.512783483,7.559559496
5.811140993,4.990432587
8.843182098,10.61199122
6.148468296,6.91770561
7.607878073,7.663407665
6.795705775,11.4180212
6.487684018,5.529429088
6.795705775,11.4180212
6.487684018,5.529429088
6.936342736,6.388561406
4.532599493,2.564949357
5.501258211,4.564348191
5.913503006,5.375278408
6.186208624,5.568344504
6.795705775,11.4180212
6.795705775,11.4180212
5.442417711,4.859812404
6.795705775,11.4180212
7.724446646,8.115221973
5.958424693,5.624017506
5.379897354,9.350015354
7.396335294,7.094234846
6.369900983,11.54889089
5.017279837,4.762173935
5.521460918,5.192956851
5.18178355,6.836259277
4.574710979,6.265301213
5.680172609,4.86753445
7.960323629,8.714731714
6.817830571,7.519692404
7.779885115,7.581209826
7.506042179,9.059284897
6.453624999,6.568077911
6.723832441,5.620400866
7.951207156,8.43901541
6.317164687,5.762051383
7.293697721,7.539027056
5.18178355,6.836259277
6.751101469,6.238324625
7.506042179,9.059284897
6.795705775,11.4180212
5.631211782,8.633908991
6.795705775,11.41804319
6.795705775,11.41804319
7.293697721,7.539027056
5.749392986,6.932447892
4.762173935,3.63758616
6.390240667,6.144185634
7.411556288,7.07834158
7.759614151,9.535968307
4.859812404,4.418840608
8.843182098,10.61199122
7.40671073,8.107117471
6.851184927,7.468513271
6.267200549,6.480044562
6.723832441,5.80814249
6.795705775,11.4180212
8.798303718,9.642771928
6.487684018,5.529429088
7.378383713,9.879963007
5.308267697,7.833996342
7.54802897,7.370230642
8.506940815,8.310660906
6.795705775,11.4180212
8.843182098,10.61199122
5.713732806,3.218875825
8.191186005,8.14815644
6.820016365,7.202661197
4.804021045,4.343805422
5.308267697,7.833996342
7.509335266,8.808369153
6.148468296,6.91770561
7.132497552,9.637632201
6.795705775,11.41804319
6.415096959,5.356586275
7.506042179,9.059284897
7.607878073,7.663407665
6.487684018,5.529429088
5.673323267,9.384125598
6.782192056,7.338888134
5.805134969,6.968850378
7.859413155,8.423102268
6.51174533,7.24636808
5.762051383,8.333991247
7.983098941,7.854381211
7.440733707,9.623575217
5.379897354,6.342121419
5.379897354,6.342121419
7.895808377,7.43543802
7.951207156,8.43901541
7.217443432,8.825559855
5.624017506,5.891644212
7.506042179,9.059284897
4.189654742,6.910750788
5.762051383,6.380122537
7.358193753,8.266421473
7.210818453,7.312553498
7.283448229,7.646831391
7.283448229,7.646831391
4.983606622,2.944438979
6.795705775,11.4180212
7.283448229,7.646831391
5.505331536,7.300472814
7.211556733,7.312553498
6.467698726,5.209486153
6.466144724,9.858960787
7.748028524,9.819888529
7.221835825,8.671115274
5.159055299,5.505331536
5.805134969,6.968850378
5.308267697,7.833996342
5.958424693,5.624017506
6.795705775,11.4180212
7.983098941,7.854381211
6.606650186,8.425077903
7.535830463,10.84253732
7.239932591,5.402677382
6.267200549,8.323608442
6.926577033,6.230481448
5.379897354,6.342121419
6.282266747,5.575949103
6.609349243,5.799092654
5.96870756,6.689599269
6.771935556,6.224558429
7.951207156,8.43901541
6.795705775,11.41804319
6.173786104,6.416732283
4.369447852,5.062595033
4.875197323,10.52328417
5.379897354,6.342121419
6.501289671,5.697093487
7.292337176,6.933423026
5.857933154,6.820016365
6.282266747,5.575949103
6.602587892,6.842683282
6.787844982,7.580189418
6.642486801,6.091309882
6.795705775,11.41804319
6.267200549,8.323608442
8.497806478,7.072421901
8.843182098,10.61199122
6.357842267,6.867974409
7.172424577,7.480428306
5.342334252,4.204692619
8.516392871,7.687997166
7.283448229,7.646831391
7.283448229,7.646831391
6.609349243,5.799092654
4.248495242,3.583518938
4.219507705,1.791759469
4.219507705,1.791759469
5.926926026,5.634789603
6.787844982,7.580189418
6.501289671,5.697093487
5.18178355,6.836259277
6.602587892,6.842683282
7.129297549,7.226936018
8.516392871,7.687997166
5.988961417,6.828712072
6.033086222,3.526360525
6.88550967,6.056784013
7.913155186,9.308192772
5.147494477,6.200509174
4.17438727,3.258096538
5.402677382,3.17805383
4.65396035,3.80666249
6.609349243,5.799092654
7.107425474,6.706862337
8.510973892,7.655864018
7.983098941,7.854381211
7.983098941,7.854381211
7.983098941,7.854381211
7.983098941,7.854381211
4.025351691,7.762596049
7.983098941,7.854381211
6.844815479,8.637107288
7.896180609,10.13356699
6.403574198,6.775366091
6.171700597,6.086774727
6.378426184,7.410347098
5.976350909,9.25033002
6.267200549,8.323608442
5.332718793,6.814542897
6.340359304,5.894402834
6.795705775,11.4180212
6.795705775,11.4180212
6.204557763,5.267858159
6.795705775,11.41804319
5.379897354,6.342121419
6.795705775,11.4180212
5.963579344,3.63758616
8.843182098,10.61199122
5.605802066,7.349873705
7.880804345,10.27708352
6.267200549,8.323608442
5.673323267,9.384041546
5.913503006,8.023879993
6.390240667,6.144185634
6.964135612,5.236441963
6.054439346,2.890371758
7.292337176,6.933423026
4.025351691,7.762596049
7.506042179,9.059284897
7.393263095,9.477845247
6.453624999,6.568077911
5.541263545,5.056245805
5.332718793,6.814542897
6.606650186,8.425077903
6.795705775,11.41804319
6.311734809,8.174702882
7.985824666,8.833316937
7.027314514,8.283999304
4.983606622,11.7445212
5.379897354,6.342121419
7.506042179,9.059284897
5.18178355,6.836259277
6.267200549,8.323608442
4.787491743,4.406719247
7.748028524,9.819888529
6.795705775,11.4180212
5.379897354,6.342121419
5.690359454,6.49375384
7.506042179,9.059284897
6.795705775,11.41804319
8.496173824,7.989560449
4.094344562,3.496507561
4.96284463,7.485491608
5.673323267,9.384125598
5.318119994,5.937536205
7.506042179,9.059284897
7.506042179,9.059284897
7.810352684,6.909753282
7.205635176,7.932721027
6.994849986,7.494986234
6.851184927,7.468513271
6.795705775,11.4180212
6.597145702,6.74051936
5.723585102,6.828712072
8.83287946,10.61189274
7.119635638,8.686429509
5.624017506,5.891644212
7.77569575,8.960339366
5.743003188,7.46221494
6.966024187,5.666426688
6.827629235,7.068172
7.506042179,9.059284897
6.50578406,7.70391021
7.506042179,9.059284897
7.915713199,6.598509029
6.161207322,7.068172
5.945420609,5.59471138
8.834191318,9.3384697
6.795705775,11.4180212
7.983098941,7.854381211
6.795705775,11.41804319
7.506042179,9.059284897
5.945420609,5.59471138
6.276643489,6.936342736
5.631211782,8.633908991
6.259581464,6.833031733
7.951207156,8.43901541
5.572154032,9.262648152
7.020190708,7.213768308
6.760414691,7.319202459
5.780743516,9.660268837
4.025351691,7.762596049
5.541263545,4.510859507
6.795705775,11.4180212
7.382124366,5.976350909
4.836281907,7.163946684
5.164785974,5.762051383
7.506042179,9.059284897
5.624017506,5.891644212
4.025351691,7.762596049
5.147494477,6.200509174
5.723585102,6.828712072
6.795705775,11.41804319
6.795705775,11.41804319
7.440733707,9.623575217
5.18178355,6.836259277
7.501082124,9.603800373
7.140453043,5.874930731
7.951207156,8.43901541
7.086737935,7.01571242
6.476972363,6.139884552
5.673323267,9.384041546
6.799055862,6.09356977
7.487173694,10.30430856
6.588926478,6.617402978
6.588926478,6.617402978
8.029432841,8.84130362
5.18178355,6.836259277
6.549650742,6.983789965
5.552959585,5.549076085
6.549650742,6.983789965
8.843182098,10.61199122
6.206575927,5.342334252
5.998936562,5.872117789
5.723585102,6.828712072
4.060443011,5.170483995
8.24957515,8.943375541
7.68017564,6.756932389
7.084226422,7.564757013
6.859614904,8.031710375
6.795705775,11.41804319
5.805134969,6.968850378
8.24957515,8.943375541
6.795705775,11.4180212
4.094344562,3.496507561
4.564348191,6.045005314
5.308267697,7.833996342
7.374001859,7.656810091
6.795705775,11.41804319
7.411556288,7.07834158
5.303304908,4.276666119
5.572154032,4.17438727
5.572154032,4.17438727
6.795705775,11.4180212
5.049856007,5.549076085
6.795705775,11.4180212
5.717027701,7.444248649
6.584791392,7.122866659
4.025351691,7.762596049
6.532334292,11.83846675
6.061456919,6.622736324
7.992606652,10.09083811
4.574710979,2.197224577
6.484635236,7.599901959
6.797940413,8.056743775
7.260522598,7.123672785
5.272999559,5.141663557
2.708050201,1.386294361
5.624017506,5.891644212
6.194405391,7.149131599
5.624017506,5.891644212
5.272999559,5.141663557
6.937314081,6.739336627
6.795705775,11.4180212
5.18178355,6.836259277
6.276643489,6.936342736
7.045776577,6.913737351
4.025351691,7.762596049
2.564949357,6.013715156
8.030734924,8.82834762
6.795705775,11.41804319
6.795705775,11.41804319
6.795705775,11.41804319
7.378383713,9.879963007
7.227662499,8.808817483
6.795705775,11.4180212
6.795705775,11.41804319
7.719129841,6.722629795
5.655991811,8.813735892
8.243019469,9.28924397
4.744932128,4.49980967
7.293697721,7.539027056
6.795705775,11.41804319
7.506042179,9.059284897
8.306225216,8.33710913
5.332718793,6.814542897
6.453624999,6.568077911
5.318119994,5.937536205
5.963579344,3.970291914
7.506042179,9.059284897
5.673323267,6.396929655
6.651571874,7.0800265
7.506042179,9.059284897
4.094344562,3.496507561
6.047372179,7.665284718
6.72982407,7.158513997
5.942799375,8.992681751
7.506042179,9.059284897
8.604104563,9.489939868
6.466144724,9.858960787
4.753590191,9.072456665
5.624017506,5.891644212
6.520621128,6.34738921
6.593044534,6.998509642
7.072421901,6.410174882
6.285998095,6.295266001
5.18178355,6.836259277
5.723585102,6.828712072
6.721425701,5.407171771
6.771935556,8.15536212
8.287528423,7.582229194
6.771935556,8.15536212
7.951207156,8.43901541
6.72982407,7.158513997
7.344072851,9.002085433
5.003946306,3.091042453
4.025351691,7.762596049
5.247024072,7.221105098
5.18178355,6.836259277
7.132497552,9.637632201
5.673323267,4.553876892
7.586803535,7.194436851
6.795705775,11.41804319
7.985824666,8.833316937
6.206575927,6.416732283
6.795705775,11.4180212
6.795705775,11.41804319
6.872128101,8.727778213
7.985824666,8.833316937
7.261927093,8.127995056
4.663439094,5.480638923
11.34494459,11.86904626
5.805134969,6.968850378
5.814130532,8.81936971
4.248495242,6.190315406
8.181720455,8.398184405
4.663439094,5.480638923
7.506042179,9.059284897
6.851184927,7.468513271
5.375278408,6.165417854
7.293697721,7.539027056
5.451038454,2.63905733
6.753437919,6.356107661
7.378383713,9.879963007
8.181720455,8.398184405
4.663439094,5.480638923
6.795705775,11.4180212
6.150602768,6.148468296
7.759614151,9.535968307
7.506042179,9.059284897
7.259116128,7.543273347
4.663439094,5.480638923
6.12249281,5.583496309
4.753590191,9.072456665
7.951207156,8.43901541
7.951207156,8.43901541
5.056245805,8.408047744
7.506042179,9.059284897
6.12249281,5.583496309
6.851184927,7.468513271
7.210079628,7.881182202
5.805134969,6.968850378
5.805134969,6.968850378
6.267200549,8.323608442
5.257495372,5.081404365
7.261927093,8.127995056
6.12249281,5.583496309
7.951207156,8.43901541
7.401231264,7.489970899
7.574045005,7.521859252
7.506042179,9.059284897
6.795705775,11.41804319
7.985824666,8.833316937
7.632401127,13.70173249
6.953684211,7.632401127
5.111987788,4.430816799
6.251903883,5.743003188
7.247792582,9.856553165
8.261009786,11.30094438
5.690359454,8.71604405
8.277411999,7.776535028
5.749392986,6.932447892
5.575949103,4.430816799
7.13089883,5.837730447
6.773080376,8.649448771
3.17805383,6.190315406
7.506042179,9.059284897
7.506042179,9.059284897
7.086737935,7.01571242
5.488937726,5.886104031
5.003946306,4.927253685
7.544332108,6.708084084
7.259116128,7.543273347
6.795705775,11.41804319
7.983098941,7.854381211
5.560681631,5.214935758
5.424950017,4.997212274
6.795705775,11.41804319
5.955837369,7.36264527
4.317488114,3.931825633
6.263398263,5.758901774
7.951207156,8.43901541
9.054271186,9.0512274
2.397895273,1.386294361
7.272398393,8.276649125
5.958424693,9.211839248
6.795705775,11.41804319
5.332718793,5.840641657
7.878912912,7.652545693
4.875197323,4.836281907
6.267200549,8.323608442
7.272398393,8.276649125
6.495265556,6.995766156
5.318119994,5.937536205
3.891820298,5.746203191
6.795705775,11.4180212
7.506042179,9.059284897
7.272398393,8.276649125
7.506042179,9.059284897
6.651571874,7.0800265
6.606650186,8.425077903
6.817830571,7.519692404
6.795705775,11.41804319
7.272398393,8.276649125
7.272398393,8.276649125
4.753590191,9.072456665
6.795705775,11.41804319
7.951207156,8.43901541
5.805134969,6.968850378
6.795705775,11.41804319
6.795705775,11.4180212
7.272398393,8.276649125
7.810352684,6.909753282
7.247792582,9.856553165
6.573680167,6.02827852
8.323122888,8.455317788
5.624017506,5.891644212
7.985824666,8.833316937
7.272398393,8.276649125
7.259116128,7.543273347
7.293697721,7.539027056
5.624017506,5.891644212
7.259116128,7.543273347
7.506042179,9.059284897
5.978885765,7.557472902
7.259116128,7.543273347
7.272398393,8.276649125
4.919980926,4.477336814
6.356107661,5.327876169
6.851184927,7.468513271
5.170483995,5.33753808
7.506042179,9.059284897
6.795705775,11.4180212
6.22059017,9.773151051
7.272398393,8.276649125
7.933796875,8.833899943
7.687997166,5.837730447
7.272398393,8.276649125
7.272398393,8.276649125
6.267200549,8.323608442
6.933423026,8.86644062
5.624017506,5.891644212
5.010635294,1.609437912
8.263590433,6.063785209
7.506042179,9.059284897
6.054439346,7.351158226
1.386294361,6.839476438
6.267200549,8.323608442
6.682108597,8.081165778
6.22059017,9.773151051
7.272398393,8.276649125
7.37337431,11.51645921
5.723585102,6.828712072
6.606650186,8.425077903
6.795705775,11.4180212
6.606650186,8.425077903
5.18178355,6.836259277
5.955837369,9.235520671
7.272398393,8.276649125
6.851184927,7.468513271
8.030084094,7.742402022
5.631211782,8.633908991
6.953684211,7.632401127
7.411556288,7.07834158
7.132497552,9.637632201
6.452048954,4.465908119
3.36729583,3.970291914
7.198183577,7.842671475
5.123963979,4.430816799
7.272398393,8.276649125
7.095064377,7.326465614
7.951207156,8.43901541
7.272398393,8.276649125
6.131226489,7.650644551
5.451038454,6.882437471
5.624017506,5.891644212
7.260522598,6.579251212
6.267200549,8.323608442
6.601230119,8.078688229
5.624017506,5.891644212
5.505331536,7.300472814
4.663439094,5.480638923
7.272398393,8.276649125
5.918893854,5.416100402
5.723585102,6.828712072
5.631211782,8.633908991
6.795705775,11.41804319
5.926926026,6.685860947
7.579678823,8.019283793
6.795705775,11.41804319
8.006034179,4.406719247
7.506042179,9.059284897
7.053585727,9.127610724
7.104144093,7.631431665
7.272398393,8.276649125
5.762051383,8.333991247
7.971430998,8.108924156
5.717027701,7.444248649
7.271008538,6.543911846
3.36729583,3.970291914
4.663439094,5.480638923
8.43771699,10.79497317
7.272398393,8.276649125
7.748028524,9.819888529
6.960347729,7.645875825
7.506042179,9.059284897
7.951207156,8.43901541
7.506042179,9.059284897
6.49677499,8.91650608
7.272398393,8.276649125
6.00635316,5.953243334
5.318119994,5.937536205
6.851184927,7.468513271
7.914983006,8.524168805
7.272398393,8.276649125
9.77792433,10.53174949
3.295836866,8.122074375
5.749392986,6.932447892
7.272398393,8.276649125
5.624017506,5.891644212
6.267200549,8.323608442
6.543911846,8.417593826
4.663439094,5.480638923
6.542471961,6.695798917
7.506042179,9.059284897
7.506042179,9.059284897
6.795705775,11.4180212
7.006695227,6.995766156
4.836281907,7.163946684
8.164510269,8.618304693
6.937314081,6.739336627
6.848005275,6.510258341
4.663439094,5.480638923
5.18178355,6.836259277
7.810352684,6.909753282
4.406719247,7.63385356
6.086774727,6.049733455
7.985824666,8.833316937
7.506042179,9.059284897
6.795705775,11.41804319
6.795705775,11.41804319
6.795705775,11.4180212
6.481577129,8.153061947
8.516392871,7.687997166
4.976733742,8.413387023
6.487684018,5.529429088
5.988961417,6.828712072
7.37337431,11.51645921
7.272398393,8.276649125
5.505331536,7.300472814
7.506042179,9.059284897
8.493719835,8.100161447
4.976733742,8.413387023
6.013715156,5.805134969
4.875197323,4.836281907
6.267200549,8.323608442
6.084499413,7.984462732
7.210079628,7.881182202
7.272398393,8.276649125
2.397895273,3.688879454
6.487684018,5.92157842
5.18178355,6.836259277
6.267200549,8.323608442
6.66440902,6.244166901
6.579251212,9.470702634
7.506042179,9.059284897
6.061456919,6.107022888
6.267200549,8.323608442
7.132497552,9.637632201
6.851184927,7.468513271
3.63758616,3.218875825
6.267200549,8.323608442
7.192934221,9.216918687
5.517452896,4.663439094
7.271008538,6.543911846
7.506042179,9.059284897
7.506042179,9.059284897
7.272398393,8.276649125
6.795705775,11.4180212
7.810352684,6.909753282
6.37331979,8.817890201
5.605802066,7.349873705
4.844187086,4.9698133
7.279318835,10.96833621
7.506042179,9.059284897
7.506042179,9.059284897
7.132497552,9.637632201
5.624017506,5.891644212
7.254177846,8.722091302
5.624017506,5.891644212
4.663439094,5.480638923
5.690359454,9.176990392
4.905274778,6.559615237
5.752572639,4.736198448
7.533158807,13.89225028
7.272398393,8.276649125
7.184629153,7.272398393
5.752572639,4.736198448
5.690359454,9.176990392
8.725182495,9.055789612
5.690359454,9.176990392
6.685860947,5.673323267
6.104793232,4.605170186
7.843064017,7.981391582
5.774551546,4.634728988
6.65544035,6.018593214
5.66296048,4.564348191
4.624972813,4.189654742
8.126813721,6.285998095
7.506042179,9.059284897
3.218875825,2.63905733
5.883322388,6.198478716
8.445482344,6.88550967
7.226936018,7.867488569
8.505525387,7.651595574
6.272877007,5.081404365
6.152732695,3.784189634
4.262679877,3.17805383
5.141663557,2.708050201
7.506042179,9.059284897
7.356279877,6.519147288
5.209486153,4.532599493
7.272398393,8.276649125
7.506042179,9.059284897
7.487173694,10.30430856
5.017279837,4.317488114
7.356279877,6.519147288
8.510772624,8.299037182
8.510772624,8.299037182
5.056245805,6.265301213
7.944846711,7.38274645
7.983098941,7.854381211
7.506042179,9.059284897
7.210079628,7.881182202
7.229838778,8.499029221
6.863803391,6.345636361
7.003065459,8.923591198
6.464588304,4.94875989
7.272398393,8.276649125
4.663439094,5.480638923
5.655991811,7.626570206
7.025538315,9.092907275
7.095064377,8.135932772
7.272398393,8.276649125
7.271008538,6.543911846
2.772588722,6.104793232
6.608000625,6.703188113
6.795705775,11.4180212
5.780743516,9.660268837
2.397895273,9.284891103
6.795705775,11.4180212
2.397895273,9.284891103
5.780743516,9.660268837
5.463831805,3.688879454
4.025351691,7.762596049
7.272398393,8.276649125
5.733341277,6.075346031
6.795705775,11.41804319
7.951207156,8.43901541
4.094344562,3.496507561
7.293697721,7.539027056
4.890349128,8.603187385
7.014814351,6.803505258
6.831953566,10.40480815
6.366470448,4.430816799
6.570882962,7.576097341
6.267200549,8.323608442
7.333023014,10.10850787
6.800170068,7.196686571
7.349873705,6.866933284
5.627621114,9.170975648
7.003065459,8.923591198
10.30165946,11.53784244
6.148468296,6.91770561
5.805134969,6.968850378
7.506042179,9.059284897
10.74598103,11.10657997
7.506042179,9.059284897
8.728264161,8.728264161
9.288134399,9.301003407
6.025865974,7.46221494
7.858640656,7.377133713
7.279318835,10.96833621
5.855071922,10.72718042
6.639875834,6.755768922
4.510859507,5.533389489
3.80666249,2.63905733
7.879669915,5.948034989
8.796792688,9.500095295
7.506042179,9.059284897
7.539027056,7.804659297
4.663439094,5.480638923
5.631211782,8.633908991
7.506042179,9.059284897
7.830425618,8.560635749
7.293697721,7.539027056
6.131226489,7.650644551
6.267200549,8.323608442
4.343805422,2.833213344
6.226536669,10.8045022
6.267200549,8.323608442
4.510859507,4.48863637
0,4.477336814
5.624017506,5.891644212
5.673323267,9.384125598
7.506042179,9.059284897
6.795705775,11.41804319
7.595889918,6.786716951
6.267200549,8.323608442
6.827629235,7.068172
5.18178355,6.836259277
5.913503006,6.415096959
6.251903883,9.021115039
6.606650186,8.425077903
6.929516771,7.311218384
5.673323267,9.384125598
7.506042179,9.059284897
6.831953566,10.40480815
8.333991247,9.809286757
6.831953566,10.40480815
7.506042179,9.059284897
8.089175679,8.221210094
3.295836866,5.942799375
7.259116128,7.543273347
6.952728645,7.717351272
4.624972813,5.560681631
5.723585102,6.828712072
7.506042179,9.059284897
7.506042179,9.059284897
6.463029457,5.446737372
7.876258882,6.535241271
8.515792211,9.788132816
6.530877628,6.302618976
4.753590191,9.072456665
6.922643891,7.249215057
8.593227878,9.435881048
6.817830571,7.519692404
8.089175679,8.221210094
7.096721378,11.87343505
7.139660336,7.522940918
6.831953566,10.40480815
6.606650186,8.425077903
7.506042179,9.059284897
7.210079628,7.881182202
7.506042179,9.059284897
5.493061443,6.816735881
9.089979015,9.082507
7.632401127,7.321849714
6.831953566,10.40480815
7.506042179,9.059284897
7.506042179,9.059284897
7.132497552,9.637632201
5.18178355,6.836259277
7.506042179,9.059284897
7.506042179,9.059284897
7.506042179,9.059284897
0,6.710523109
6.647688374,8.854807633
9.492054673,11.66174194
7.259116128,7.543273347
7.648263031,8.638171118
5.003946306,4.927253685
0,10.37202135
7.748028524,9.819888529
7.279318835,10.96833621
7.908019445,7.97590836
5.18178355,6.836259277
5.66296048,5.648974238
7.506042179,9.059284897
7.506042179,9.059284897
6.023447593,4.49980967
6.6147256,5.929589143
5.575949103,6.439350371
8.167919363,8.339739766
7.607878073,7.663407665
0,6.710523109
6.779921907,7.006695227
5.293304825,5.986452005
4.025351691,5.342334252
5.505331536,5.840641657
7.210079628,7.841885929
5.805134969,6.968850378
3.663561646,4.9698133
4.204692619,5.488937726
5.153291594,5.823045895
3.663561646,4.9698133
4.025351691,5.342334252
5.505331536,5.840641657
5.153291594,5.823045895
4.204692619,5.488937726
8.167919363,8.339739766
5.293304825,5.986452005
6.779921907,7.006695227
5.575949103,6.439350371
5.153291594,5.823045895
4.532599493,5.81711116
7.748028524,9.819888529
7.506042179,9.059284897
4.262679877,5.828945618
5.209486153,5.762051383
7.759187439,7.918264686
5.209486153,5.762051383
5.153291594,5.823045895
4.532599493,5.81711116
4.262679877,5.828945618
4.779123493,5.123963979
7.506042179,9.059284897
7.506042179,9.059284897
4.779123493,5.123963979
5.141663557,5.786897381
8.167919363,8.339739766
5.153291594,5.823045895
6.606650186,8.425077903
5.153291594,5.823045895
8.167919363,8.339739766
5.141663557,5.786897381
6.851184927,7.468513271
6.88550967,9.888475432
5.843544417,4.584967479
7.992606652,10.09083811
5.926926026,7.187657164
7.992606652,10.09083811
5.913503006,8.023879993
5.056245805,4.553876892
6.981934677,8.638171118
7.647308832,8.458716262
7.487173694,10.30430856
6.148468296,6.91770561
6.763884909,9.660715109
5.18178355,6.836259277
6.025865974,6.795705775
6.763884909,9.660715109
7.621195163,7.238496841
6.28785856,12.6817632
6.224558429,4.59511985
5.459585514,7.835579247
7.34536484,5.575949103
5.552959585,7.690743164
7.271008538,6.543911846
6.324358962,7.014814351
6.763884909,9.660715109
8.509765676,7.616283562
6.224558429,4.59511985
6.905753276,6.317164687
7.506042179,9.059284897
7.506042179,9.059284897
7.607878073,7.663407665
4.510859507,10.48751717
7.607878073,7.663407665
7.731492029,8.240385116
7.766416898,7.892078421
4.343805422,10.14753117
5.723585102,6.828712072
6.831953566,10.40480815
7.506042179,9.059284897
7.951207156,8.43901541
6.795705775,11.41804319
6.763884909,9.660715109
6.091309882,4.025351691
7.506042179,9.059284897
7.506042179,9.059284897
4.442651256,10.03631245
6.831953566,10.40480815
7.506042179,9.059284897
5.993961427,5.616771098
9.285540605,9.386308455
7.607878073,7.663407665
7.506042179,9.059284897
2.397895273,3.688879454
6.851184927,7.468513271
6.80682936,6.426488457
7.187657164,7.648739789
7.506042179,9.059284897
7.506042179,9.059284897
7.506042179,9.059284897
7.506042179,9.059284897
7.506042179,9.059284897
6.763884909,9.660715109
7.247792582,9.856553165
5.627621114,4.234106505
7.748028524,9.819888529
6.327936784,4.127134385
5.805134969,6.968850378
8.843182098,10.61199122
5.18178355,6.836259277
7.506042179,9.059284897
6.267200549,8.323608442
7.641084249,10.05324287
7.506042179,9.059284897
7.506042179,9.059284897
6.240275845,7.60090246
5.379897354,6.342121419
6.872128101,8.727778213
6.872128101,8.727778213
7.985824666,8.833316937
6.795705775,11.41804319
7.506042179,9.059284897
6.663132696,7.135687347
0,10.37202135
7.132497552,9.637632201
6.795705775,11.41804319
7.506042179,9.059284897
6.763884909,9.660715109
7.506042179,9.059284897
7.506042179,9.059284897
4.94875989,4.304065093
6.763884909,9.660715109
5.587248658,5.673323267
5.587248658,5.673323267
6.226536669,10.8045022
2.197224577,4.406719247
6.212606096,10.07382087
6.878326468,6.711740395
4.317488114,3.737669618
7.506042179,9.059284897
7.985824666,8.833316937
5.963579344,7.150701458
4.317488114,3.737669618
4.317488114,3.737669618
4.317488114,3.737669618
5.749392986,6.932447892
5.973809612,5.525452939
8.516993171,7.309212366
5.983936281,7.286191715
6.267200549,8.323608442
8.516993171,7.309212366
8.516993171,7.309212366
7.506042179,9.059284897
5.963579344,7.150701458
6.970730078,9.132486933
6.226536669,10.8045022
5.505331536,7.300472814
4.510859507,4.48863637
7.272398393,8.276649125
7.506042179,9.059284897
4.510859507,4.48863637
8.387767644,7.815207062
5.402677382,11.33827441
6.226536669,10.8045022
8.843182098,10.61199122
6.267200549,8.323608442
6.929516771,7.311218384
7.636752112,10.33980512
7.272398393,8.276649125
6.226536669,10.8045022
7.985824666,8.833316937
7.029972912,9.124673545
4.691347882,5.541263545
7.272398393,8.276649125
7.506042179,9.059284897
7.215239979,13.59975837
6.226536669,10.8045022
4.510859507,4.48863637
7.522400231,7.512617545
6.084499413,7.92732436
5.463831805,7.169350017
6.131226489,7.650644551
7.506042179,9.059284897
6.131226489,7.650644551
6.795705775,11.41804319
5.549076085,4.983606622
7.506042179,9.059284897
6.979145275,8.161375023
4.510859507,4.48863637
6.06610809,7.002155954
7.170888479,6.910750788
7.636752112,10.33980512
6.28785856,3.970291914
8.27512163,9.483568487
6.9117473,7.439559309
6.795705775,11.41804319
7.506042179,9.059284897
6.795705775,11.41804319
6.851184927,7.468513271
6.795705775,11.41804319
5.616771098,6.483107351
4.997212274,6.684611728
7.506042179,9.059284897
4.510859507,4.48863637
6.795705775,11.41804319
7.506042179,9.059284897
7.127693699,7.605392365
7.888334501,5.379897354
4.382026635,6.687108608
6.318968114,10.68909996
7.506042179,9.059284897
7.582229194,9.654000026
7.237778192,7.228388452
5.18178355,6.836259277
6.624065228,6.23636959
6.267200549,8.323608442
7.582229194,9.654000026
6.226536669,10.8045022
4.510859507,4.48863637
7.272398393,8.276649125
7.582229194,9.654000026
4.510859507,4.48863637
7.506042179,9.059284897
6.023447593,9.802561634
5.673323267,5.533389489
6.49677499,8.91650608
5.988961417,6.828712072
6.267200549,8.323608442
6.745236349,7.463936604
6.021023349,5.726847748
7.210079628,7.881182202
7.610357618,8.820551743
6.745236349,7.463936604
5.192956851,4.418840608
5.003946306,4.521788577
8.041734711,8.017966703
7.506042179,9.059284897
4.276666119,5.762051383
5.099866428,7.247080585
6.033086222,8.226305988
6.715383386,4.672828834
6.267200549,8.323608442
7.506042179,9.059284897
7.988882253,7.442492723
7.140453043,5.874930731
7.272398393,8.276649125
7.155396302,5.886104031
7.279318835,10.96833621
7.506042179,9.059284897
6.356107661,4.543294782
7.140453043,5.874930731
5.036952602,7.113142109
7.748028524,9.819888529
7.748028524,9.819888529
7.272398393,8.276649125
7.810352684,6.909753282
4.025351691,7.762596049
7.506042179,9.059284897
8.510973892,6.613384218
7.748028524,9.819888529
7.506042179,9.059284897
5.631211782,5.777652323
6.773080376,5.068904202
5.147494477,6.200509174
5.476463552,13.50011328
7.272398393,8.276649125
3.891820298,3.80666249
7.140453043,5.874930731
3.891820298,3.80666249
3.36729583,10.02131503
8.204945165,11.53232605
3.891820298,3.80666249
7.985824666,8.833316937
4.955827058,4.859812404
5.318119994,5.937536205
6.816735881,7.428333194
4.025351691,7.762596049
4.343805422,2.833213344
7.060476366,8.812396905
7.272398393,8.276649125
5.583496309,13.48626733
5.655991811,4.804021045
6.327936784,10.9385919
7.411556288,7.031741259
6.795705775,11.41804319
6.226536669,10.8045022
6.244166901,7.560080465
5.375278408,5.303304908
5.762051383,8.333991247
4.510859507,4.48863637
7.506042179,9.059284897
7.132497552,9.637632201
8.089175679,8.221210094
0.693147181,5.332718793
7.5416831,9.256842206
7.506042179,9.059284897
7.272398393,8.276649125
6.226536669,10.8045022
6.226536669,10.8045022
8.24957515,8.943375541
7.506042179,9.059284897
7.506042179,9.059284897
7.506042179,9.059284897
5.631211782,8.633908991
6.795705775,11.41804319
8.24957515,8.943375541
7.259116128,7.543273347
2.995732274,2.079441542
8.843182098,10.61199122
6.723832441,7.370860167
7.272398393,8.276649125
6.43775165,6.703188113
7.506042179,9.059284897
7.506042179,9.059284897
7.140453043,5.874930731
6.851184927,7.468513271
6.795705775,11.41804319
5.356586275,5.356586275
7.272398393,8.276649125
7.089243155,9.980957723
6.795705775,11.41804319
6.177944114,13.08948062
7.272398393,8.276649125
7.748028524,9.819888529
4.574710979,2.079441542
6.795705775,11.4180212
6.148468296,6.91770561
7.247792582,9.856553165
7.259116128,7.543273347
6.267200549,8.323608442
8.734238184,11.14544954
4.882801923,5.726847748
6.226536669,10.8045022
6.795705775,11.4180212
6.226536669,10.8045022
5.624017506,5.891644212
6.208590026,7.629489916
7.140453043,5.874930731
7.261927093,8.127995056
6.794586581,7.920809679
6.795705775,11.4180212
6.72982407,7.158513997
7.506042179,9.059284897
0,10.37202135
4.875197323,4.836281907
6.267200549,8.323608442
6.835184586,9.304559047
6.148468296,6.91770561
7.759614151,9.535968307
5.676753802,5.771441123
0,10.37202135
6.795705775,11.4180212
5.988961417,6.828712072
5.262690189,5.720311777
5.332718793,5.840641657
8.601901919,10.06019211
5.332718793,5.840641657
6.013715156,4.143134726
6.783325201,7.008505182
5.886104031,9.810384934
6.536691598,6.212606096
6.794586581,7.920809679
0,0.693147181
4.510859507,4.48863637
5.749392986,6.81563999
5.572154032,6.766191715
7.506042179,9.059284897
6.267200549,8.323608442
7.506042179,9.059284897
6.608000625,7.617759577
6.795705775,11.41804319
7.506042179,9.059284897
7.506042179,9.059284897
7.632885505,6.966024187
7.127693699,7.605392365
4.510859507,4.48863637
7.506042179,9.059284897
6.72982407,7.158513997
6.226536669,10.8045022
5.988961417,6.828712072
5.645446898,7.129297549
8.395477433,8.244596756
8.24957515,8.943375541
7.506042179,9.059284897
7.506042179,9.059284897
6.577861358,7.605890001
7.506042179,9.059284897
8.24957515,8.943375541
4.852030264,8.538563217
6.795705775,11.4180322
8.46062284,10.53683165
6.831953566,10.40480815
7.506042179,9.059284897
6.453624999,6.568077911
7.810352684,6.909753282
8.037543185,6.715383386
7.115582126,12.28595996
7.951207156,8.43901541
7.198183577,6.720220155
6.794586581,7.920809679
6.831953566,10.40480815
4.836281907,7.163946684
7.766416898,7.892078421
5.18178355,6.836259277
5.379897354,6.342121419
7.506042179,9.059284897
7.411556288,7.07834158
4.86753445,7.614805365
7.506042179,9.059284897
4.510859507,4.48863637
6.226536669,10.8045022
6.045005314,6.317164687
7.506042179,9.059284897
6.230481448,7.508238775
5.988961417,6.828712072
5.123963979,5.572154032
7.210079628,7.881182202
7.325148958,9.507477603
6.795705775,11.4180212
6.88857246,9.825147561
2.995732274,6.656726524
6.922643891,7.249215057
6.795705775,11.41804319
2.079441542,5.420534999
4.510859507,4.48863637
6.226536669,10.8045022
6.795705775,11.41804319
6.84694314,7.486052618
7.506042179,9.059284897
7.468513271,7.424165281
7.097548851,5.991464547
8.512381634,5.278114659
4.510859507,4.48863637
7.619233416,10.18066464
7.132497552,9.637632201
6.182084907,10.32163852
6.794586581,7.920809679
6.795705775,11.41804319
5.318119994,5.937536205
7.506042179,9.059284897
6.226536669,10.8045022
7.766416898,7.892078421
7.816013839,7.58781722
6.795705775,11.41804319
6.65544035,9.55080463
7.515344571,8.201385955
5.624017506,5.891644212
5.624017506,5.891644212
7.009408933,7.196686571
6.423246964,4.820281566
7.074963198,5.693732139
7.299797367,7.564757013
6.745236349,6.685860947
7.506042179,9.059284897
7.279318835,10.96833621
8.516392871,6.72982407
8.230577217,9.258654232
7.506042179,9.059284897
5.18178355,6.836259277
6.794586581,7.920809679
7.515344571,8.201385955
7.487173694,10.30434205
7.506042179,9.059284897
6.849066283,6.169610732
6.795705775,11.4180212
7.411556288,7.07834158
7.985824666,8.833316937
6.795705775,11.41804319
6.856461985,6.248042875
6.795705775,11.41804319
6.244166901,6.944087208
5.762051383,8.333991247
7.535830463,7.037905963
6.794586581,7.920809679
6.244166901,6.944087208
6.795705775,11.41804319
6.244166901,6.944087208
6.244166901,6.944087208
6.226536669,10.8045022
5.723585102,6.875232087
4.844187086,9.292196818
7.307202315,7.618251098
7.506042179,9.059284897
7.632885505,6.966024187
5.746203191,5.902633333
6.794586581,7.920809679
5.590986981,6.719013154
7.411556288,7.07834158
5.318119994,5.937536205
6.49677499,8.91650608
7.810352684,6.909753282
3.891820298,4.672828834
4.510859507,4.48863637
7.014814351,6.803505258
6.745236349,7.463936604
6.794586581,7.920809679
5.746203191,5.902633333
4.189654742,3.218875825
7.396335294,7.094234846
7.019296654,7.294377299
6.795705775,11.41804319
5.379897354,3.17805383
7.506042179,9.059284897
9.617537313,9.723403491
7.764296006,8.614138397
5.723585102,6.828712072
7.506042179,9.059284897
7.538494999,9.010302809
7.506042179,9.059284897
7.104144093,7.631431665
7.506042179,9.059284897
7.140453043,5.874930731
6.795705775,11.41804319
6.794586581,7.920809679
6.767343125,7.006695227
7.506042179,9.059284897
8.515992471,7.257707677
7.333023014,10.10850787
7.364547014,8.978408315
4.836281907,7.163946684
6.390240667,6.144185634
6.390240667,6.144185634
7.913155186,9.308283446
7.506042179,9.059284897
7.506042179,9.059284897
7.210079628,7.881182202
7.506042179,9.059284897
7.132497552,9.637632201
6.801283034,8.991188842
7.210079628,7.881182202
6.817830571,7.519692404
6.570882962,7.13009851
6.795705775,11.41804319
5.318119994,5.937536205
7.506042179,9.059284897
5.937536205,7.667158255
7.985824666,8.833316937
7.364547014,8.978408315
6.588926478,6.617402978
7.586803535,7.194436851
6.795705775,11.41804319
7.210079628,7.881182202
5.613128106,6.118097198
6.306275287,6.476972363
7.810352684,6.909753282
6.88857246,9.416541203
6.546785411,5.973809612
6.795705775,11.41804319
7.506042179,9.059284897
7.506042179,9.059284897
6.244166901,6.944087208
6.795705775,11.41804319
6.907755279,6.487684018
7.506042179,9.059284897
6.413458957,5.257495372
0,0.693147181
7.506042179,9.059284897
7.132497552,9.637632201
6.794586581,7.920809679
7.364547014,8.978408315
6.483107351,9.160519677
4.510859507,4.48863637
6.244166901,6.944087208
6.226536669,10.8045022
6.244166901,6.944087208
7.333023014,10.10850787
7.595387279,6.466144724
6.794586581,7.920809679
6.88857246,9.416541203
7.506042179,9.059284897
5.826000107,7.724446646
5.866468057,7.515889085
7.506042179,9.059284897
7.036148494,7.549609165
7.506042179,9.059284897
6.650279049,5.361292166
8.518192692,7.766840537
6.801283034,8.991188842
5.429345629,8.311889558
5.105945474,5.998936562
7.132497552,9.637632201
6.795705775,11.41804319
5.332718793,6.814542897
5.170483995,6.230481448
6.831953566,10.40480815
8.450198323,8.536211197
7.955425089,8.503094267
7.74543561,11.74712764
6.267200549,8.323608442
6.795705775,11.4180212
8.450198323,8.536211197
6.795705775,11.41804319
6.628041376,6.717804695
6.629363253,6.177944114
5.056245805,5.673323267
6.244166901,6.944087208
7.506042179,9.059284897
7.210079628,7.881182202
8.445911989,6.634633358
5.003946306,4.927253685
7.506042179,9.059284897
7.759187439,7.918264686
6.632001777,6.559615237
6.035481433,7.813187268
6.795705775,11.4180212
5.976350909,5.579729826
6.606650186,8.425077903
3.891820298,5.746203191
6.894670039,8.557951184
7.522940918,11.44683908
5.332718793,8.151909873
6.447305863,6.961296046
7.014814351,6.803505258
7.132497552,9.637632201
5.129898715,6.679599186
8.798303718,9.642771928
6.49375384,6.386879319
6.788971743,6.200509174
5.087596335,3.850147602
7.506042179,9.059284897
4.787491743,0
6.354370041,4.584967479
3.891820298,5.746203191
7.913155186,9.308283446
6.470799504,7.324489979
6.244166901,6.944087208
7.411556288,7.07834158
6.795705775,11.41804319
6.795705775,11.41804319
7.506042179,9.059284897
5.472270674,7.067319849
6.495265556,6.995766156
3.891820298,5.746203191
7.506042179,9.059284897
6.587550015,5.880532986
7.506042179,9.059284897
7.506042179,9.059284897
6.508769137,7.085901464
6.28785856,5.877735782
6.872128101,8.727778213
7.759614151,9.535968307
6.795705775,11.4180212
8.450198323,8.536211197
7.506042179,9.059284897
6.831953566,10.40480815
4.875197323,4.836281907
7.506042179,9.059284897
6.318968114,6.133398043
7.506042179,9.059284897
7.140453043,5.874930731
6.263398263,6.520621128
7.951207156,8.43901541
7.506042179,9.059284897
6.133398043,7.469654173
6.831953566,10.40480815
7.506042179,9.059284897
6.88550967,9.888475432
6.930494766,7.93522954
5.18178355,6.836259277
6.773080376,8.649448771
6.795705775,11.41804319
8.841158976,9.557116484
8.575839387,8.487352349
6.831953566,10.40480815
7.506042179,9.059284897
6.723832441,8.642944397
7.414572881,7.307872781
5.598421959,5.247024072
8.302761581,8.963544292
7.474772182,8.171316875
8.450198323,8.536211197
4.836281907,4.804021045
6.795705775,11.41804319
5.666426688,6.249975242
4.510859507,4.48863637
6.831953566,10.40480815
6.327936784,10.9385919
7.110696123,8.133587418
8.507344855,8.338783971
5.18178355,6.836259277
6.208590026,7.629489916
6.327936784,10.9385919
6.886531643,8.58485184
7.342779189,9.931734815
6.411818268,7.665753432
7.917171989,8.873047799
7.434257382,7.29301768
8.360071436,6.651571874
7.434257382,7.29301768
5.509388337,3.784189634
7.898039691,11.15227119
4.672828834,3.496507561
6.652863029,7.062191632
7.940227765,9.934356176
7.127693699,6.118097198
3.526360525,1.386294361
4.86753445,4.718498871
6.350885717,4.86753445
3.784189634,2.708050201
6.831953566,10.40480815
5.236441963,8.509564164
6.831953566,10.40480815
5.746203191,5.902633333
6.88550967,9.888475432
5.18178355,6.836259277
6.831953566,10.40480815
7.43366654,6.745236349
5.988961417,6.828712072
7.132497552,9.637632201
5.958424693,5.624017506
6.795705775,11.4180212
5.18178355,6.836259277
6.208590026,7.629489916
7.115582126,11.78340288
6.88550967,9.888475432
7.074116816,9.346705246
6.795705775,11.41804319
6.793466133,5.940171253
7.832014181,7.340835554
7.506042179,9.059284897
5.356586275,6.089044875
6.831953566,10.40480815
6.371611847,8.866722667
6.981934677,8.638171118
7.644440762,9.321076414
6.993932975,7.491645474
4.691347882,5.468060141
7.506042179,9.059284897
7.581209826,7.356279877
8.04205641,9.08918917
6.487684018,5.981414211
7.140453043,5.874930731
3.80666249,3.871201011
7.506042179,9.059284897
6.267200549,8.323608442
7.506042179,9.059284897
6.767343125,10.08171742
7.977281987,6.879355804
7.834392303,6.242223265
6.487684018,7.360739903
6.267200549,8.323608442
6.929516771,6.972606251
6.487684018,7.360739903
5.18178355,6.836259277
6.72982407,7.158513997
6.152732695,7.198183577
8.169902647,9.006018575
6.487684018,7.360739903
5.521460918,7.233455419
7.506042179,9.059284897
7.506042179,9.059284897
8.517992872,7.977968093
7.506042179,9.059284897
7.34601021,8.018296139
7.985824666,8.833316937
7.506042179,9.059284897
6.795705775,11.4180212
6.795705775,11.4180212
9.77792433,10.53174949
5.780743516,9.660268837
2.397895273,9.284891103
6.827629235,7.068172
6.981934677,8.638171118
7.506042179,9.059284897
5.648974238,6.842683282
7.506042179,9.059284897
9.466918699,9.694924685
7.506042179,9.059284897
7.180069874,12.33629356
5.693732139,7.382124366
8.931287626,8.85993147
6.801283034,8.991188842
5.752572639,5.036952602
6.794586581,7.920809679
5.18178355,6.836259277
8.728264161,8.728264161
8.450198323,8.536211197
4.510859507,4.48863637
7.651595574,6.583409222
5.164785974,7.069023427
5.717027701,6.453624999
5.068904202,4.804021045
6.831953566,10.40480815
7.506042179,9.059284897
7.506042179,9.059284897
7.271008538,7.634820678
6.771935556,7.295735073
5.666426688,6.249975242
3.688879454,2.302585093
7.506042179,9.059284897
6.630683386,4.852030264
7.003974137,8.339261983
6.794586581,7.920809679
7.132497552,9.637632201
7.283448229,7.646831391
8.106816039,12.42576625
6.447305863,6.961296046
7.020190708,8.242756346
4.691347882,4.672828834
7.469083885,8.574140472
6.834108739,7.839131648
5.780743516,9.660268837
2.397895273,9.284891103
7.272398393,8.276649125
6.88857246,9.416541203
7.506042179,9.059284897
7.506042179,9.059284897
7.272398393,8.276649125
6.794586581,7.920809679
6.464588304,7.950502435
6.795705775,11.41804319
7.247792582,9.856553165
6.208590026,7.629489916
7.377758908,9.042276687
5.18178355,6.836259277
7.465082736,7.498315871
6.795705775,11.41804319
7.132497552,9.637632201
5.988961417,6.828712072
7.272398393,8.276649125
7.322510434,6.49375384
6.773080376,8.649448771
7.272398393,8.276649125
7.506042179,9.059284897
7.431891917,8.774312958
6.795705775,11.41804319
7.710653324,8.561975334
4.852030264,9.79160582
7.506042179,9.059284897
7.985143931,9.595126469
5.666426688,6.249975242
5.666426688,6.249975242
5.666426688,6.249975242
6.886531643,8.58485184
5.666426688,6.249975242
7.272398393,8.276649125
5.723585102,6.875232087
4.510859507,4.48863637
6.795705775,11.4180212
7.506042179,9.059284897
5.384495063,4.672828834
7.930565854,8.922391597
7.275172319,6.722629795
5.18178355,6.836259277
9.865941436,10.22687455
5.655991811,5.823045895
4.941642423,5.942799375
5.379897354,6.342121419
5.648974238,6.842683282
5.814130532,8.81936971
7.272398393,8.276649125
7.305188215,8.332067707
4.86753445,5.805134969
7.607878073,7.663407665
8.012018239,9.544166253
7.314552832,7.154615357
7.272398393,8.276649125
8.734238184,11.14546398
7.506042179,9.059284897
8.507344855,8.338783971
5.476463552,6.285998095
6.795705775,11.41804319
4.025351691,3.33220451
0,6.710523109
6.795705775,11.41804319
3.17805383,2.63905733
4.043051268,3.970291914
6.795705775,11.4180212
7.272398393,8.276649125
5.379897354,5.620400866
5.831882477,6.603943825
6.88550967,9.888475432
6.795705775,11.41804319
4.663439094,3.713572067
6.88550967,9.888475432
5.723585102,5.855071922
7.272398393,8.276649125
7.090076836,10.05182135
6.630683386,6.665683718
4.510859507,4.48863637
8.515792211,9.788132816
8.161375023,7.508238775
4.997212274,7.690743164
7.113142109,8.879193928
7.272398393,8.276649125
5.749392986,6.932447892
7.140453043,5.874930731
7.743703258,8.097426299
6.795705775,11.4180212
7.506042179,9.059284897
7.272398393,8.276649125
6.794586581,7.920809679
6.795705775,11.4180322
6.801283034,8.991188842
6.588926478,6.617402978
7.506042179,9.059284897
7.506042179,9.059284897
5.723585102,5.855071922
8.075582637,6.272877007
5.988961417,6.828712072
6.442540166,6.054439346
4.189654742,4.890349128
6.208590026,7.629489916
5.18178355,6.836259277
6.874198495,7.625595072
7.506042179,9.059284897
7.506042179,9.059284897
2.772588722,7.153051635
7.506042179,9.059284897
6.831953566,10.40480815
2.197224577,3.401197382
7.272398393,8.276649125
5.379897354,6.047372179
6.478509642,8.624791202
6.208590026,7.629489916
6.794586581,7.920809679
6.208590026,6.120297419
5.533389489,4.025351691
6.795705775,11.41804319
5.123963979,8.765146422
5.891644212,5.710427017
4.605170186,6.34738921
7.506042179,9.059284897
7.506042179,9.059284897
6.535241271,7.664815785
7.132497552,9.637632201
4.276666119,5.459585514
4.624972813,8.849513965
4.779123493,6.095824562
6.280395839,7.768956045
6.610696045,8.848796451
6.401917197,6.985641818
4.521788577,8.933136544
5.433722004,7.52131798
8.002694162,7.629489916
6.704414355,10.52306892
6.675823222,6.871091295
3.401197382,4.727387819
5.308267697,4.290459441
7.506042179,9.059284897
4.9698133,5.209486153
5.509388337,6.575075841
6.054439346,7.065613364
6.359573869,7.077498054
5.860786223,6.935370446
5.963579344,5.902633333
6.878326468,6.881411304
5.480638923,5.934894196
7.506042179,9.059284897
6.359573869,9.333354148
7.506042179,9.059284897
7.35372233,7.734121303
6.196444128,7.084226422
4.369447852,7.138867
5.480638923,8.662331957
6.588926478,6.617402978
5.966146739,5.370638028
6.794586581,7.920809679
6.401917197,6.985641818
7.506042179,9.059284897
5.204006687,6.385194399
5.723585102,6.875232087
6.795705775,11.41804319
7.506042179,9.059284897
5.897153868,6.180016654
7.469083885,8.574140472
7.519692404,6.165417854
7.272398393,8.276649125
6.131226489,7.650644551
7.506042179,9.059284897
6.401917197,6.985641818
5.634789603,5.783825182
5.631211782,5.777652323
6.848005275,6.349138991
8.44634145,8.538758969
5.777652323,6.840546529
5.988961417,6.828712072
5.802118375,6.719013154
7.272398393,8.276649125
3.555348061,4.990432587
4.8978398,4.727387819
6.606650186,8.425077903
5.056245805,4.976733742
5.777652323,6.840546529
5.777652323,6.840546529
6.675823222,7.129297549
6.980075941,9.663134259
6.831953566,10.40480815
7.506042179,9.059284897
5.777652323,6.840546529
6.794586581,7.920809679
6.831953566,10.40480815
7.34536484,8.004699511
7.555381944,7.902857191
7.506042179,9.059284897
7.506042179,9.059284897
6.054439346,7.065613364
5.370638028,9.222664122
7.272398393,8.276649125
11.39915188,11.51092346
5.669880923,7.484368643
6.329720906,7.477038472
7.687997166,8.641002477
11.39915188,11.51092346
7.766416898,7.892078421
4.990432587,7.03966035
5.762051383,8.333991247
7.506042179,9.059284897
6.795705775,11.41804319
7.506042179,9.059284897
7.506042179,9.059284897
7.759614151,9.535968307
5.762051383,8.333991247
5.669880923,7.484368643
6.795705775,11.41804319
8.069029329,8.500860537
5.669880923,7.484368643
8.850660919,9.369137384
5.164785974,4.94875989
5.003946306,4.927253685
7.506042179,9.059284897
6.794586581,7.920809679
4.86753445,4.718498871
8.118505068,11.57125098
6.708084084,6.165417854
7.272398393,8.276649125
5.762051383,8.333991247
7.759614151,9.535968307
7.506042179,9.059284897
6.666956792,8.154500175
3.737669618,3.63758616
5.645446898,6.040254711
4.836281907,7.163946684
7.208600338,6.588926478
0,6.710523109
7.272398393,8.276649125
6.961296046,7.268223021
4.276666119,10.89929162
5.762051383,8.333991247
7.560601163,7.918628653
7.378383713,10.14588456
6.794586581,7.920809679
4.276666119,10.89929162
6.244166901,6.944087208
5.762051383,8.333991247
7.180069874,12.33629356
7.378383713,10.14588456
7.426549072,7.606884531
7.411556288,7.07834158
4.9698133,9.420925394
6.929516771,6.972606251
7.272398393,8.276649125
5.828945618,7.193685818
6.208590026,7.629489916
6.795705775,11.4180212
5.129898715,6.679599186
6.88550967,9.888475432
5.272999559,7.097548851
6.745236349,7.463936604
7.506042179,9.059284897
5.272999559,7.097548851
5.472270674,7.067319849
7.506042179,9.059284897
5.272999559,7.097548851
6.794586581,7.920809679
7.279318835,10.96833621
7.506042179,9.059284897
6.801283034,8.991188842
5.272999559,7.097548851
7.469083885,8.574140472
7.272398393,8.276649125
7.555381944,7.902857191
7.506042179,9.059284897
4.276666119,4.624972813
5.717027701,7.444248649
7.396335294,7.094234846
7.506042179,9.059284897
7.506042179,9.059284897
6.208590026,7.629489916
7.632885505,6.966024187
7.506042179,9.059284897
5.272999559,7.097548851
7.283448229,7.646831391
5.762051383,8.333991247
7.272398393,8.276649125
5.272999559,7.097548851
6.054439346,7.383989458
6.72982407,7.158513997
7.975220839,8.509564164
5.749392986,6.932447892
5.749392986,6.932447892
6.070737728,6.818924065
5.18178355,6.836259277
5.472270674,7.067319849
7.272398393,8.276649125
7.090076836,7.418180823
5.272999559,7.097548851
5.472270674,7.067319849
6.366470448,7.886832999
6.070737728,6.818924065
5.786897381,7.772331575
6.070737728,6.818924065
5.786897381,7.772331575
5.272999559,7.097548851
6.070737728,6.818924065
6.234410726,5.549076085
6.484635236,8.864039997
7.272398393,8.276649125
7.272398393,8.276649125
7.090076836,7.418180823
5.272999559,7.097548851
6.795705775,11.41804319
8.222285074,8.01268093
6.923628628,10.00120393
5.272999559,7.097548851
7.766416898,7.892078421
7.983098941,7.854381211
7.090076836,7.418180823
7.272398393,8.276649125
6.946975992,8.026496939
4.753590191,9.072456665
6.745236349,7.463936604
4.852030264,5.38907173
5.272999559,7.097548851
7.132497552,9.637697427
7.272398393,8.276649125
5.117993812,8.216358332
7.272398393,8.276649125
6.953684211,7.632401127
6.795705775,11.41804319
5.272999559,7.097548851
7.132497552,9.637697427
7.100027167,7.156956365
8.289539485,9.526901404
5.888877958,5.192956851
6.073044534,7.346655163
6.872128101,8.727778213
7.283448229,7.646831391
6.159095388,10.78234637
6.208590026,7.629489916
7.557472902,8.240121298
7.759187439,7.918264686
8.516392871,7.996317232
7.506042179,9.059284897
7.252762418,6.154858094
7.272398393,8.276649125
8.76013937,8.665268309
1.791759469,2.197224577
7.862497197,8.917176636
7.568379268,8.267962305
5.831882477,6.603943825
6.670766321,4.852030264
4.691347882,3.36729583
8.152774053,8.167351987
7.272398393,8.276649125
7.173191742,4.127134385
7.534228326,11.05556162
6.831953566,10.40480815
6.795705775,11.41804319
7.629489916,7.894318064
6.795705775,11.41804319
5.96100534,8.640118538
7.951207156,8.43901541
8.465689349,9.150165649
4.543294782,7.089243155
7.176254532,11.02449714
4.094344562,8.537779825
7.776954403,10.77649493
7.140453043,5.874930731
6.795705775,11.4180212
7.272398393,8.276649125
7.7419679,6.440946541
6.139884552,5.318119994
6.244166901,6.944087208
7.917900586,9.180190395
7.181591945,6.710523109
4.787491743,4.543294782
6.570882962,7.13009851
6.570882962,7.13009851
7.272398393,8.276649125
7.506042179,9.059284897
9.447386828,9.458683724
5.826000107,7.724446646
4.94875989,5.572154032
7.632885505,6.966024187
6.244166901,6.944087208
7.279318835,10.96825001
7.985824666,8.833316937
6.795705775,11.41804319
5.986452005,11.47280114
5.164785974,5.762051383
8.798303718,9.642771928
6.693323668,8.267448958
7.210079628,7.881182202
7.725771442,6.8134446
8.509967146,7.936660155
7.272398393,8.276649125
6.208590026,7.629489916
7.617759577,11.1258944
4.248495242,5.609471795
5.81711116,4.605170186
5.81711116,4.605170186
6.88550967,9.888475432
4.248495242,3.80666249
6.795705775,11.41804319
7.272398393,8.276649125
7.622174595,7.939515261
7.840312983,7.443078374
6.794586581,7.920809679
4.941642423,4.96284463
3.80666249,5.860786223
5.84932478,11.45965126
6.795705775,11.41804319
7.17930797,9.792835282
6.492239835,8.247220053
6.421622268,7.544332108
6.795705775,11.41804319
7.506042179,9.059284897
7.272398393,8.276649125
7.506042179,9.059284897
6.773080376,8.649448771
6.795705775,11.41804319
6.773080376,8.649448771
6.795705775,11.41804319
7.180069874,12.33629356
7.140453043,5.874930731
7.506042179,9.059284897
3.891820298,3.80666249
7.272398393,8.276649125
4.276666119,1.791759469
6.572282543,7.813995675
7.975220839,8.509564164
6.794586581,7.920809679
6.453624999,6.568077911
6.889591308,6.56948142
2.708050201,1.609437912
7.212294469,7.402451521
6.453624999,6.568077911
6.177944114,13.08948062
7.272398393,8.276649125
8.514589806,8.047829357
8.514589806,8.047829357
6.795705775,11.41804319
7.208600338,6.588926478
7.237778192,9.996431298
7.026426809,8.459987718
5.648974238,6.842683282
6.208590026,7.629489916
6.794586581,7.920809679
4.110873864,7.35372233
7.985824666,8.833316937
7.506042179,9.059284897
6.796823718,10.10442639
8.517393171,8.169336396
5.533389489,4.025351691
6.831953566,10.40480815
6.208590026,7.629489916
7.469083885,8.574140472
6.721425701,7.057036982
6.831953566,10.40480815
5.147494477,7.160069208
7.985824666,8.833316937
7.272398393,8.276649125
7.985824666,8.833316937
6.580639137,7.002155954
6.267200549,8.323608442
4.859812404,4.094344562
6.794586581,7.920809679
5.855071922,10.72718042
7.396335294,7.094234846
4.219507705,2.708050201
6.960347729,8.497806478
6.061456919,6.107022888
7.272398393,8.276649125
5.926926026,6.535241271
6.210600077,4.59511985
7.247792582,9.856553165
7.259116128,7.45760929
6.068425588,8.860782896
5.533389489,4.025351691
5.624017506,3.912023005
6.980075941,9.663134259
3.891820298,3.80666249
3.891820298,3.80666249
6.572282543,7.813995675
7.140453043,5.874930731
7.506042179,9.059284897
5.023880521,7.747164967
6.795705775,11.41804319
3.784189634,11.14735392
6.001414878,6.994849986
7.487733761,10.30434205
6.795705775,11.4180212
6.795705775,11.4180212
6.013715156,4.143134726
7.869019376,7.119635638
6.795705775,11.41804319
4.553876892,3.135494216
7.272398393,8.276649125
6.208590026,7.629489916
7.506042179,9.059284897
8.420682291,8.074649075
7.506042179,9.059284897
6.150602768,5.624017506
6.795705775,11.41804319
6.267200549,8.323608442
7.031741259,11.43403376
6.738152495,6.475432717
5.926926026,6.685860947
6.771935556,6.732210706
6.177944114,13.08948062
7.132497552,9.637697427
7.748028524,9.819888529
6.572282543,7.813995675
6.795705775,11.4180212
7.923348212,7.929126487
5.18178355,6.836259277
7.411556288,7.07834158
7.506042179,9.059284897
6.773080376,8.649448771
8.513586696,7.883823215
4.663439094,5.480638923
8.500453867,9.08873755
7.309881486,7.201916318
7.506042179,9.059284897
6.590301048,8.820256366
7.542743545,9.185227671
6.208590026,7.629489916
6.513230111,8.302761581
4.553876892,5.068904202
5.18178355,6.836259277
6.978213743,6.880384082
7.506042179,9.059284897
6.267200549,8.323608442
7.411556288,7.07834158
5.497168225,8.2204031
5.111987788,4.997212274
5.762051383,8.333991247
5.963579344,5.370638028
5.564520407,7.072421901
7.985824666,8.833316937
7.279318835,10.96833621
6.795705775,11.41804319
6.570882962,5.411646052
8.154500175,9.233959238
7.766416898,7.892078421
7.506042179,9.059284897
6.795705775,11.4180212
3.401197382,4.189654742
6.244166901,6.944087208
6.267200549,8.323608442
8.110427238,7.557994959
7.506042179,9.059284897
6.831953566,10.40480815
6.666956792,8.154500175
5.872117789,7.877397186
6.320768294,9.763247996
7.506042179,9.059284897
6.208590026,7.629489916
9.038958755,9.861779749
6.795705775,11.41804319
6.923628628,9.746190261
5.147494477,6.774223886
6.831953566,10.40480815
7.411556288,7.07834158
7.411556288,7.07834158
5.459585514,5.814130532
6.795705775,11.4180212
7.137278437,7.042286172
5.942799375,6.309918278
4.844187086,4.007333185
5.762051383,8.333991247
6.091309882,6.182084907
6.795705775,11.4180212
8.430981495,7.03438793
5.723585102,6.828712072
5.332718793,5.828945618
4.564348191,4.430816799
7.254177846,7.627057417
7.951207156,8.43901541
5.811140993,6.023447593
6.795705775,11.41804319
6.88857246,9.416541203
7.411556288,7.07834158
6.602587892,6.842683282
5.332718793,6.814542897
6.795705775,11.41804319
7.279318835,10.96833621
7.132497552,9.637697427
6.88857246,9.416541203
6.735780014,9.348187439
5.135798437,4.49980967
7.506042179,9.059284897
5.375278408,4.770684624
7.100027167,7.156956365
6.208590026,7.629489916
6.148468296,5.579729826
4.553876892,5.068904202
4.672828834,2.302585093
7.40367029,6.602587892
4.663439094,5.480638923
6.040254711,5.541263545
4.543294782,3.433987204
5.648974238,6.842683282
5.926926026,5.521460918
6.763884909,9.660715109
4.304065093,7.674152921
8.518392472,7.819636302
6.208590026,7.629489916
6.795705775,11.41804319
7.610357618,8.820551743
8.771370185,8.885579291
6.795705775,11.41804319
6.552507887,9.344084242
6.763884909,9.660715109
1.945910149,0.693147181
6.267200549,8.323608442
9.464594918,9.375685305
7.100027167,7.156956365
4.663439094,5.480638923
6.835184586,6.701960366
7.506042179,9.059284897
3.17805383,4.48863637
7.506042179,9.059284897
7.100027167,7.156956365
6.556778356,7.099201744
6.383506635,6.259581464
7.279318835,10.96833621
7.506042179,9.059284897
8.001689978,10.49496185
6.763884909,9.660715109
9.564652527,9.507849005
6.150602768,5.624017506
6.161207322,5.924255797
7.132497552,9.637632201
7.506042179,9.059284897
7.810352684,6.909753282
7.272398393,8.276649125
6.795705775,11.41804319
7.506042179,9.059284897
6.763884909,9.660715109
5.762051383,8.333991247
7.988203597,8.645410489
7.985824666,8.833316937
7.988203597,8.645410489
5.416100402,3.526360525
7.985824666,8.833316937
7.766416898,7.892078421
5.945420609,5.59471138
7.347943823,9.874882296
7.216709487,5.505331536
7.956476798,7.956476798
7.411556288,7.07834158
7.411556288,7.07834158
7.985824666,8.833316937
7.506042179,9.059284897
6.795705775,11.41804319
6.208590026,7.629489916
5.318119994,5.937536205
6.795705775,11.41804319
6.795705775,11.41804319
6.795705775,11.41804319
5.762051383,8.333991247
4.007333185,7.194436851
4.454347296,3.688879454
7.921172722,8.883362917
2.564949357,2.63905733
4.553876892,5.068904202
6.208590026,7.629489916
6.023447593,5.986452005
6.267200549,8.323608442
7.304515946,9.101083386
5.099866428,5.730099783
4.553876892,5.068904202
7.412160335,7.54009032
7.506042179,9.059284897
5.624017506,5.891644212
6.88857246,9.416541203
7.607878073,7.663407665
6.588926478,6.617402978
6.139884552,7.342779189
4.553876892,5.068904202
8.7140749,8.631057448
6.208590026,7.629489916
6.208590026,7.629489916
7.810352684,6.909753282
7.211556733,8.026823576
6.56526497,8.190631681
5.556828062,4.418840608
6.327936784,10.9385919
4.406719247,5.66296048
7.506042179,9.059284897
6.763884909,9.660715109
7.644440762,8.13005904
4.025351691,7.762596049
3.496507561,7.631431665
6.794586581,7.920809679
7.086737935,7.01571242
6.794586581,7.920809679
5.442417711,3.36729583
5.758901774,4.736198448
6.763884909,9.660715109
7.614805365,9.673130547
7.132497552,9.637697427
7.610357618,8.820551743
6.208590026,7.629489916
7.009408933,7.552762084
7.506042179,9.059284897
5.749392986,6.932447892
7.951559331,8.43901541
6.208590026,7.629489916
6.267200549,6.186208624
5.416100402,7.591357047
6.795705775,11.41804319
7.734558844,5.590986981
7.371489295,6.922643891
6.466144724,9.858960787
7.368339686,9.036344064
4.836281907,7.163946684
6.418364936,6.532334292
6.208590026,7.629489916
5.572154032,9.262648152
6.188264123,7.255591274
5.18178355,6.836259277
8.56959587,10.58187636
6.795705775,11.41804319
7.090076836,6.940222469
6.267200549,8.323608442
6.763884909,9.660715109
5.572154032,9.262648152
6.658011046,7.46565531
6.450470422,7.564757013
7.089243155,5.926926026
6.070737728,6.12905021
5.840641657,5.129898715
4.248495242,4.406719247
6.56526497,8.190631681
5.762051383,8.333751007
7.132497552,9.637697427
6.8134446,5.869296913
6.091309882,5.517452896
7.985824666,8.833316937
6.795705775,11.4180212
7.985824666,8.833316937
6.795705775,11.41804319
6.267200549,8.323608442
6.208590026,7.629489916
5.402677382,5.267858159
7.411556288,7.07834158
6.795705775,11.4180212
9.77792433,10.53177616
5.780743516,9.660268837
2.397895273,9.284891103
6.43775165,6.388561406
5.347107531,6.803505258
5.762051383,8.333751007
7.305188215,8.332067707
5.802118375,6.719013154
5.332718793,5.828945618
6.208590026,7.629489916
7.810352684,6.909753282
7.506042179,9.059284897
5.056245805,4.844187086
7.878912912,7.652545693
7.272398393,8.276649125
6.795705775,11.41804319
6.369900983,11.54890053
6.795705775,11.4180212
6.023447593,5.986452005
2.833213344,3.33220451
5.204006687,5.081404365
7.761319181,6.752270376
7.751905333,7.813187268
4.553876892,5.068904202
7.259116128,7.543273347
6.72982407,7.158513997
5.958424693,4.442651256
5.605802066,7.349873705
6.795705775,11.4180212
8.372860821,6.687108608
7.36264527,6.549650742
7.506042179,9.059284897
6.726233402,8.379997952
6.823286122,8.938925272
6.795705775,11.4180212
7.506042179,9.059284897
7.126087273,5.690359454
4.844187086,4.007333185
7.572502985,6.434546519
6.842683282,7.167037877
7.279318835,10.96833621
6.795705775,11.41804319
6.795705775,11.41804319
6.795705775,11.41804319
6.795705775,11.41804319
9.237079669,9.368027648
3.761200116,3.433987204
6.795705775,11.41804319
6.795705775,11.41804319
6.951772164,7.166265974
5.926926026,5.978885765
7.748028524,9.819888529
6.795705775,11.41804319
7.237059026,6.857514063
5.749392986,6.932447892
6.805722553,6.979145275
6.150602768,7.286191715
6.582025139,7.559559496
5.398162702,5.38907173
5.988961417,5.929589143
6.74051936,6.617402978
8.511979624,9.583488879
5.549076085,4.983606622
9.038958755,9.861779749
5.986452005,4.983606622
7.985824666,8.833316937
7.950854858,8.43901541
8.510168576,7.239214974
6.795705775,11.41804319
7.985824666,8.833316937
5.762051383,8.333991247
3.401197382,4.189654742
7.275172319,3.891820298
5.762051383,8.333751007
4.941642423,3.850147602
7.617759577,4.615120517
6.679599186,8.148734809
7.506042179,9.059284897
7.506042179,9.059284897
7.506042179,9.059284897
7.506042179,9.059284897
0,1.386294361
8.741456116,9.681468369
2.772588722,5.247024072
7.985824666,8.833316937
5.056245805,3.713572067
7.712443834,8.245909265
6.208590026,7.629489916
5.945420609,5.59471138
6.975413927,10.32384127
6.795705775,11.41804319
7.132497552,9.637697427
7.506042179,9.059284897
6.795705775,11.41804319
6.795705775,11.41804319
6.167516491,6.368187186
4.406719247,5.66296048
7.66293785,7.627057417
7.66293785,7.627057417
7.132497552,9.637697427
7.517520851,7.090909822